id,country,quant,unit,crop,time,item_code
1,Afghanistan,1528.4,kg_per_ha,Barley,2022,115
2,Afghanistan,1375,kg_per_ha,Barley,2023,115
3,Afghanistan,1577.1,kg_per_ha,Millet,2022,118
4,Afghanistan,1597.9,kg_per_ha,Millet,2023,118
5,Afghanistan,4625,kg_per_ha,Rice,2022,113
6,Afghanistan,4627.9,kg_per_ha,Rice,2023,113
7,Afghanistan,2045.3,kg_per_ha,Wheat,2022,111
8,Afghanistan,2146.7,kg_per_ha,Wheat,2023,111
9,Albania,3397.2,kg_per_ha,Barley,2022,115
10,Albania,3383.2,kg_per_ha,Barley,2023,115
11,Albania,2372.4,kg_per_ha,Rye,2022,116
12,Albania,2359,kg_per_ha,Rye,2023,116
13,Albania,4296.3,kg_per_ha,Wheat,2022,111
14,Albania,4053.9,kg_per_ha,Wheat,2023,111
15,Algeria,975.6,kg_per_ha,Barley,2022,115
16,Algeria,975.6,kg_per_ha,Barley,2023,115
17,Algeria,1789.9,kg_per_ha,Rice,2022,113
18,Algeria,1790.3,kg_per_ha,Rice,2023,113
19,Algeria,1666.7,kg_per_ha,Wheat,2022,111
20,Algeria,1388.9,kg_per_ha,Wheat,2023,111
21,Angola,233.3,kg_per_ha,Millet,2022,118
22,Angola,200,kg_per_ha,Millet,2023,118
23,Angola,1232.3,kg_per_ha,Rice,2022,113
24,Angola,1172.1,kg_per_ha,Rice,2023,113
25,Angola,931,kg_per_ha,Wheat,2022,111
26,Angola,931,kg_per_ha,Wheat,2023,111
27,Argentina,3952.9,kg_per_ha,Barley,2022,115
28,Argentina,2953.5,kg_per_ha,Barley,2023,115
29,Argentina,1627.7,kg_per_ha,Millet,2022,118
30,Argentina,1343.5,kg_per_ha,Millet,2023,118
31,Argentina,6569.7,kg_per_ha,Rice,2022,113
32,Argentina,6723.7,kg_per_ha,Rice,2023,113
33,Argentina,1935.6,kg_per_ha,Rye,2022,116
34,Argentina,1664.6,kg_per_ha,Rye,2023,116
35,Argentina,3382.5,kg_per_ha,Wheat,2022,111
36,Argentina,2287.6,kg_per_ha,Wheat,2023,111
37,Armenia,1800.6,kg_per_ha,Barley,2022,115
38,Armenia,2099.2,kg_per_ha,Barley,2023,115
39,Armenia,150,kg_per_ha,Rye,2022,116
40,Armenia,1559.4,kg_per_ha,Rye,2023,116
41,Armenia,2450.9,kg_per_ha,Wheat,2022,111
42,Armenia,2526.5,kg_per_ha,Wheat,2023,111
43,Australia,2822.1,kg_per_ha,Barley,2022,115
44,Australia,3543.2,kg_per_ha,Barley,2023,115
45,Australia,1022.5,kg_per_ha,Millet,2022,118
46,Australia,1022.6,kg_per_ha,Millet,2023,118
47,Australia,11054.5,kg_per_ha,Rice,2022,113
48,Australia,9516.2,kg_per_ha,Rice,2023,113
49,Australia,721.3,kg_per_ha,Rye,2022,116
50,Australia,707.8,kg_per_ha,Rye,2023,116
51,Australia,2847,kg_per_ha,Wheat,2022,111
52,Australia,3187.5,kg_per_ha,Wheat,2023,111
53,Austria,6259.6,kg_per_ha,Barley,2022,115
54,Austria,6292.2,kg_per_ha,Barley,2023,115
55,Austria,4925.6,kg_per_ha,Rye,2022,116
56,Austria,4593.7,kg_per_ha,Rye,2023,116
57,Austria,5795.2,kg_per_ha,Wheat,2022,111
58,Austria,6187.7,kg_per_ha,Wheat,2023,111
59,Azerbaijan,2794.6,kg_per_ha,Barley,2022,115
60,Azerbaijan,2914.2,kg_per_ha,Barley,2023,115
61,Azerbaijan,15481.6,kg_per_ha,Millet,2022,118
62,Azerbaijan,50855.3,kg_per_ha,Millet,2023,118
63,Azerbaijan,3424.2,kg_per_ha,Rice,2022,113
64,Azerbaijan,4651.5,kg_per_ha,Rice,2023,113
65,Azerbaijan,1886.2,kg_per_ha,Rye,2022,116
66,Azerbaijan,1890.6,kg_per_ha,Rye,2023,116
67,Azerbaijan,3111.3,kg_per_ha,Wheat,2022,111
68,Azerbaijan,3302,kg_per_ha,Wheat,2023,111
69,Bangladesh,939.9,kg_per_ha,Barley,2022,115
70,Bangladesh,940.8,kg_per_ha,Barley,2023,115
71,Bangladesh,1130.1,kg_per_ha,Millet,2022,118
72,Bangladesh,1124.6,kg_per_ha,Millet,2023,118
73,Bangladesh,4891.2,kg_per_ha,Rice,2022,113
74,Bangladesh,5034.8,kg_per_ha,Rice,2023,113
75,Bangladesh,3450,kg_per_ha,Wheat,2022,111
76,Bangladesh,3494.6,kg_per_ha,Wheat,2023,111
77,Belarus,4524.9,kg_per_ha,Barley,2022,115
78,Belarus,4093.2,kg_per_ha,Barley,2023,115
79,Belarus,1658.4,kg_per_ha,Millet,2022,118
80,Belarus,1662.9,kg_per_ha,Millet,2023,118
81,Belarus,2186.6,kg_per_ha,Rye,2022,116
82,Belarus,2516.1,kg_per_ha,Rye,2023,116
83,Belarus,3647.8,kg_per_ha,Wheat,2022,111
84,Belarus,3613.8,kg_per_ha,Wheat,2023,111
85,Belgium,8031.9,kg_per_ha,Barley,2022,115
86,Belgium,8059.4,kg_per_ha,Barley,2023,115
87,Belgium,3974,kg_per_ha,Rye,2022,116
88,Belgium,3766.4,kg_per_ha,Rye,2023,116
89,Belgium,9057.4,kg_per_ha,Wheat,2022,111
90,Belgium,8424.7,kg_per_ha,Wheat,2023,111
91,Belize,5287,kg_per_ha,Rice,2022,113
92,Belize,5603.4,kg_per_ha,Rice,2023,113
93,Benin,935.2,kg_per_ha,Millet,2022,118
94,Benin,717.1,kg_per_ha,Millet,2023,118
95,Benin,3893.6,kg_per_ha,Rice,2022,113
96,Benin,3730.7,kg_per_ha,Rice,2023,113
97,Bhutan,1164.3,kg_per_ha,Barley,2022,115
98,Bhutan,1119.8,kg_per_ha,Barley,2023,115
99,Bhutan,1146.7,kg_per_ha,Millet,2022,118
100,Bhutan,1129.2,kg_per_ha,Millet,2023,118
101,Bhutan,4470.1,kg_per_ha,Rice,2022,113
102,Bhutan,4329.3,kg_per_ha,Rice,2023,113
103,Bhutan,1075.3,kg_per_ha,Wheat,2022,111
104,Bhutan,1145.6,kg_per_ha,Wheat,2023,111
105,Bolivia (Plurinational State of),878.9,kg_per_ha,Barley,2022,115
106,Bolivia (Plurinational State of),883.6,kg_per_ha,Barley,2023,115
107,Bolivia (Plurinational State of),2995.2,kg_per_ha,Rice,2022,113
108,Bolivia (Plurinational State of),3354.7,kg_per_ha,Rice,2023,113
109,Bolivia (Plurinational State of),790.3,kg_per_ha,Rye,2022,116
110,Bolivia (Plurinational State of),801.7,kg_per_ha,Rye,2023,116
111,Bolivia (Plurinational State of),1445.5,kg_per_ha,Wheat,2022,111
112,Bolivia (Plurinational State of),1267.2,kg_per_ha,Wheat,2023,111
113,Bosnia and Herzegovina,4270,kg_per_ha,Barley,2022,115
114,Bosnia and Herzegovina,3720,kg_per_ha,Barley,2023,115
115,Bosnia and Herzegovina,3300,kg_per_ha,Rye,2022,116
116,Bosnia and Herzegovina,3519.9,kg_per_ha,Rye,2023,116
117,Bosnia and Herzegovina,5460,kg_per_ha,Wheat,2022,111
118,Bosnia and Herzegovina,4310,kg_per_ha,Wheat,2023,111
119,Botswana,205.2,kg_per_ha,Millet,2022,118
120,Botswana,209.4,kg_per_ha,Millet,2023,118
121,Botswana,2200,kg_per_ha,Wheat,2022,111
122,Botswana,1007.5,kg_per_ha,Wheat,2023,111
123,Brazil,4028.3,kg_per_ha,Barley,2022,115
124,Brazil,2844.5,kg_per_ha,Barley,2023,115
125,Brazil,6638,kg_per_ha,Rice,2022,113
126,Brazil,6936.9,kg_per_ha,Rice,2023,113
127,Brazil,2011.9,kg_per_ha,Rye,2022,116
128,Brazil,1622.9,kg_per_ha,Rye,2023,116
129,Brazil,3265.8,kg_per_ha,Wheat,2022,111
130,Brazil,2321.2,kg_per_ha,Wheat,2023,111
131,Brunei Darussalam,2400,kg_per_ha,Rice,2022,113
132,Brunei Darussalam,2466.7,kg_per_ha,Rice,2023,113
133,Bulgaria,5102.5,kg_per_ha,Barley,2022,115
134,Bulgaria,5315.5,kg_per_ha,Barley,2023,115
135,Bulgaria,6079.4,kg_per_ha,Rice,2022,113
136,Bulgaria,5728.6,kg_per_ha,Rice,2023,113
137,Bulgaria,2076.8,kg_per_ha,Rye,2022,116
138,Bulgaria,1913.8,kg_per_ha,Rye,2023,116
139,Bulgaria,5343.8,kg_per_ha,Wheat,2022,111
140,Bulgaria,5614.5,kg_per_ha,Wheat,2023,111
141,Burkina Faso,870.1,kg_per_ha,Millet,2022,118
142,Burkina Faso,894,kg_per_ha,Millet,2023,118
143,Burkina Faso,2211.8,kg_per_ha,Rice,2022,113
144,Burkina Faso,2375.3,kg_per_ha,Rice,2023,113
145,Burundi,948.1,kg_per_ha,Millet,2022,118
146,Burundi,1100,kg_per_ha,Millet,2023,118
147,Burundi,1958.8,kg_per_ha,Rice,2022,113
148,Burundi,1958.8,kg_per_ha,Rice,2023,113
149,Burundi,734,kg_per_ha,Wheat,2022,111
150,Burundi,732.1,kg_per_ha,Wheat,2023,111
151,Cambodia,3519.2,kg_per_ha,Rice,2022,113
152,Cambodia,3582.9,kg_per_ha,Rice,2023,113
153,Cameroon,1388.9,kg_per_ha,Millet,2022,118
154,Cameroon,1388.9,kg_per_ha,Millet,2023,118
155,Cameroon,2164.7,kg_per_ha,Rice,2022,113
156,Cameroon,2289.5,kg_per_ha,Rice,2023,113
157,Cameroon,1337.5,kg_per_ha,Wheat,2022,111
158,Cameroon,1337.8,kg_per_ha,Wheat,2023,111
159,Canada,3789,kg_per_ha,Barley,2022,115
160,Canada,3296.1,kg_per_ha,Barley,2023,115
161,Canada,3424.5,kg_per_ha,Rye,2022,116
162,Canada,3090.1,kg_per_ha,Rye,2023,116
163,Canada,3405.6,kg_per_ha,Wheat,2022,111
164,Canada,2991.3,kg_per_ha,Wheat,2023,111
165,Central African Republic,1000,kg_per_ha,Millet,2022,118
166,Central African Republic,1000,kg_per_ha,Millet,2023,118
167,Central African Republic,1400,kg_per_ha,Rice,2022,113
168,Central African Republic,1400,kg_per_ha,Rice,2023,113
169,Chad,581.4,kg_per_ha,Millet,2022,118
170,Chad,556.5,kg_per_ha,Millet,2023,118
171,Chad,1309.7,kg_per_ha,Rice,2022,113
172,Chad,1276.2,kg_per_ha,Rice,2023,113
173,Chad,1865.3,kg_per_ha,Wheat,2022,111
174,Chad,1929.7,kg_per_ha,Wheat,2023,111
175,Chile,5269.1,kg_per_ha,Barley,2022,115
176,Chile,7016.4,kg_per_ha,Barley,2023,115
177,Chile,4855,kg_per_ha,Rice,2022,113
178,Chile,6087.1,kg_per_ha,Rice,2023,113
179,Chile,4760.8,kg_per_ha,Rye,2022,116
180,Chile,4729.7,kg_per_ha,Rye,2023,116
181,Chile,5891.7,kg_per_ha,Wheat,2022,111
182,Chile,5951,kg_per_ha,Wheat,2023,111
183,China,4000,kg_per_ha,Barley,2022,115
184,China,4077.9,kg_per_ha,Barley,2023,115
185,China,3117.2,kg_per_ha,Millet,2022,118
186,China,2999.5,kg_per_ha,Millet,2023,118
187,China,7075.7,kg_per_ha,Rice,2022,113
188,China,7132.5,kg_per_ha,Rice,2023,113
189,China,3118.5,kg_per_ha,Rye,2022,116
190,China,3111.6,kg_per_ha,Rye,2023,116
191,China,5855.2,kg_per_ha,Wheat,2022,111
192,China,5780.8,kg_per_ha,Wheat,2023,111
193,"China, Hong Kong SAR",2049.4,kg_per_ha,Rice,2022,113
194,"China, Hong Kong SAR",2059,kg_per_ha,Rice,2023,113
195,"China, mainland",4000,kg_per_ha,Barley,2022,115
196,"China, mainland",4077.9,kg_per_ha,Barley,2023,115
197,"China, mainland",3117.7,kg_per_ha,Millet,2022,118
198,"China, mainland",3000,kg_per_ha,Millet,2023,118
199,"China, mainland",7079.6,kg_per_ha,Rice,2022,113
200,"China, mainland",7136.8,kg_per_ha,Rice,2023,113
201,"China, mainland",3118.5,kg_per_ha,Rye,2022,116
202,"China, mainland",3111.6,kg_per_ha,Rye,2023,116
203,"China, mainland",5855.4,kg_per_ha,Wheat,2022,111
204,"China, mainland",5781.1,kg_per_ha,Wheat,2023,111
205,"China, Taiwan Province of",1647.4,kg_per_ha,Millet,2022,118
206,"China, Taiwan Province of",1636.4,kg_per_ha,Millet,2023,118
207,"China, Taiwan Province of",6594.1,kg_per_ha,Rice,2022,113
208,"China, Taiwan Province of",6581.1,kg_per_ha,Rice,2023,113
209,"China, Taiwan Province of",3000,kg_per_ha,Wheat,2022,111
210,"China, Taiwan Province of",3000,kg_per_ha,Wheat,2023,111
211,Colombia,2425,kg_per_ha,Barley,2022,115
212,Colombia,2987.7,kg_per_ha,Barley,2023,115
213,Colombia,4630.7,kg_per_ha,Rice,2022,113
214,Colombia,4503.5,kg_per_ha,Rice,2023,113
215,Colombia,2821.3,kg_per_ha,Wheat,2022,111
216,Colombia,3118,kg_per_ha,Wheat,2023,111
217,Comoros,298.9,kg_per_ha,Rice,2022,113
218,Comoros,299.1,kg_per_ha,Rice,2023,113
219,Congo,853.3,kg_per_ha,Millet,2022,118
220,Congo,855.3,kg_per_ha,Millet,2023,118
221,Congo,578.8,kg_per_ha,Rice,2022,113
222,Congo,576.5,kg_per_ha,Rice,2023,113
223,Costa Rica,4384.1,kg_per_ha,Rice,2022,113
224,Costa Rica,5131,kg_per_ha,Rice,2023,113
225,Côte d'Ivoire,935,kg_per_ha,Millet,2022,118
226,Côte d'Ivoire,826.7,kg_per_ha,Millet,2023,118
227,Côte d'Ivoire,2893.1,kg_per_ha,Rice,2022,113
228,Côte d'Ivoire,2937.1,kg_per_ha,Rice,2023,113
229,Croatia,5103.9,kg_per_ha,Barley,2022,115
230,Croatia,4039.8,kg_per_ha,Barley,2023,115
231,Croatia,3536.6,kg_per_ha,Rye,2022,116
232,Croatia,2954,kg_per_ha,Rye,2023,116
233,Croatia,6003,kg_per_ha,Wheat,2022,111
234,Croatia,4826.3,kg_per_ha,Wheat,2023,111
235,Cuba,2712.7,kg_per_ha,Rice,2022,113
236,Cuba,2926.6,kg_per_ha,Rice,2023,113
237,Cyprus,2289.3,kg_per_ha,Barley,2022,115
238,Cyprus,2149,kg_per_ha,Barley,2023,115
239,Cyprus,2336.6,kg_per_ha,Wheat,2022,111
240,Cyprus,2192.9,kg_per_ha,Wheat,2023,111
241,Czechia,5612.4,kg_per_ha,Barley,2022,115
242,Czechia,5493.8,kg_per_ha,Barley,2023,115
243,Czechia,5313,kg_per_ha,Rye,2022,116
244,Czechia,5069,kg_per_ha,Rye,2023,116
245,Czechia,6072.7,kg_per_ha,Wheat,2022,111
246,Czechia,6435.1,kg_per_ha,Wheat,2023,111
247,Democratic People's Republic of Korea,1217.9,kg_per_ha,Barley,2022,115
248,Democratic People's Republic of Korea,1217.9,kg_per_ha,Barley,2023,115
249,Democratic People's Republic of Korea,1051.7,kg_per_ha,Millet,2022,118
250,Democratic People's Republic of Korea,1047.4,kg_per_ha,Millet,2023,118
251,Democratic People's Republic of Korea,4658,kg_per_ha,Rice,2022,113
252,Democratic People's Republic of Korea,4597,kg_per_ha,Rice,2023,113
253,Democratic People's Republic of Korea,1226,kg_per_ha,Rye,2022,116
254,Democratic People's Republic of Korea,1226.4,kg_per_ha,Rye,2023,116
255,Democratic People's Republic of Korea,1230.8,kg_per_ha,Wheat,2022,111
256,Democratic People's Republic of Korea,1230.8,kg_per_ha,Wheat,2023,111
257,Democratic Republic of the Congo,681.1,kg_per_ha,Barley,2022,115
258,Democratic Republic of the Congo,681.3,kg_per_ha,Barley,2023,115
259,Democratic Republic of the Congo,669.2,kg_per_ha,Millet,2022,118
260,Democratic Republic of the Congo,669.5,kg_per_ha,Millet,2023,118
261,Democratic Republic of the Congo,927.3,kg_per_ha,Rice,2022,113
262,Democratic Republic of the Congo,950.7,kg_per_ha,Rice,2023,113
263,Democratic Republic of the Congo,1125,kg_per_ha,Wheat,2022,111
264,Democratic Republic of the Congo,1125,kg_per_ha,Wheat,2023,111
265,Denmark,6708.9,kg_per_ha,Barley,2022,115
266,Denmark,4530.5,kg_per_ha,Barley,2023,115
267,Denmark,6343.8,kg_per_ha,Rye,2022,116
268,Denmark,5535.3,kg_per_ha,Rye,2023,116
269,Denmark,8376,kg_per_ha,Wheat,2022,111
270,Denmark,7272.5,kg_per_ha,Wheat,2023,111
271,Dominican Republic,5202.9,kg_per_ha,Rice,2022,113
272,Dominican Republic,5050,kg_per_ha,Rice,2023,113
273,Ecuador,1460.8,kg_per_ha,Barley,2022,115
274,Ecuador,1439,kg_per_ha,Barley,2023,115
275,Ecuador,3708.7,kg_per_ha,Rice,2022,113
276,Ecuador,3827.4,kg_per_ha,Rice,2023,113
277,Ecuador,631,kg_per_ha,Rye,2022,116
278,Ecuador,631.5,kg_per_ha,Rye,2023,116
279,Ecuador,1690.8,kg_per_ha,Wheat,2022,111
280,Ecuador,985.4,kg_per_ha,Wheat,2023,111
281,Egypt,4176.2,kg_per_ha,Barley,2022,115
282,Egypt,4090.9,kg_per_ha,Barley,2023,115
283,Egypt,8904.8,kg_per_ha,Rice,2022,113
284,Egypt,8715.9,kg_per_ha,Rice,2023,113
285,Egypt,1999.2,kg_per_ha,Rye,2022,116
286,Egypt,1999.1,kg_per_ha,Rye,2023,116
287,Egypt,6698.9,kg_per_ha,Wheat,2022,111
288,Egypt,7185.2,kg_per_ha,Wheat,2023,111
289,El Salvador,6880.5,kg_per_ha,Rice,2022,113
290,El Salvador,6903.5,kg_per_ha,Rice,2023,113
291,Eritrea,1444.4,kg_per_ha,Barley,2022,115
292,Eritrea,1444.4,kg_per_ha,Barley,2023,115
293,Eritrea,333.3,kg_per_ha,Millet,2022,118
294,Eritrea,333.3,kg_per_ha,Millet,2023,118
295,Eritrea,1000,kg_per_ha,Wheat,2022,111
296,Eritrea,1000,kg_per_ha,Wheat,2023,111
297,Estonia,4199.8,kg_per_ha,Barley,2022,115
298,Estonia,2952.8,kg_per_ha,Barley,2023,115
299,Estonia,3848.3,kg_per_ha,Rye,2022,116
300,Estonia,3657.4,kg_per_ha,Rye,2023,116
301,Estonia,4719.7,kg_per_ha,Wheat,2022,111
302,Estonia,3999.1,kg_per_ha,Wheat,2023,111
303,Eswatini,3148,kg_per_ha,Rice,2022,113
304,Eswatini,3118.9,kg_per_ha,Rice,2023,113
305,Eswatini,1864.8,kg_per_ha,Wheat,2022,111
306,Eswatini,1863.1,kg_per_ha,Wheat,2023,111
307,Ethiopia,2221.8,kg_per_ha,Barley,2022,115
308,Ethiopia,2500,kg_per_ha,Barley,2023,115
309,Ethiopia,2573.8,kg_per_ha,Millet,2022,118
310,Ethiopia,2444.4,kg_per_ha,Millet,2023,118
311,Ethiopia,3466.7,kg_per_ha,Rice,2022,113
312,Ethiopia,3366.7,kg_per_ha,Rice,2023,113
313,Ethiopia,3052.6,kg_per_ha,Wheat,2022,111
314,Ethiopia,3118.3,kg_per_ha,Wheat,2023,111
315,Fiji,3981.2,kg_per_ha,Rice,2022,113
316,Fiji,3784.2,kg_per_ha,Rice,2023,113
317,Finland,3865.6,kg_per_ha,Barley,2022,115
318,Finland,3166.1,kg_per_ha,Barley,2023,115
319,Finland,3422.9,kg_per_ha,Rye,2022,116
320,Finland,3573,kg_per_ha,Rye,2023,116
321,Finland,3843.7,kg_per_ha,Wheat,2022,111
322,Finland,3268.6,kg_per_ha,Wheat,2023,111
323,France,6046.2,kg_per_ha,Barley,2022,115
324,France,6688.8,kg_per_ha,Barley,2023,115
325,France,5483,kg_per_ha,Rice,2022,113
326,France,5632.8,kg_per_ha,Rice,2023,113
327,France,3794.9,kg_per_ha,Rye,2022,116
328,France,4335.7,kg_per_ha,Rye,2023,116
329,France,6996.7,kg_per_ha,Wheat,2022,111
330,France,7201.6,kg_per_ha,Wheat,2023,111
331,Gabon,2721.9,kg_per_ha,Rice,2022,113
332,Gabon,2705.2,kg_per_ha,Rice,2023,113
333,Gambia,748.4,kg_per_ha,Millet,2022,118
334,Gambia,840,kg_per_ha,Millet,2023,118
335,Gambia,881.9,kg_per_ha,Rice,2022,113
336,Gambia,847.7,kg_per_ha,Rice,2023,113
337,Georgia,2390.2,kg_per_ha,Barley,2022,115
338,Georgia,2159.2,kg_per_ha,Barley,2023,115
339,Georgia,1198.9,kg_per_ha,Rye,2022,116
340,Georgia,1203.4,kg_per_ha,Rye,2023,116
341,Georgia,2850.9,kg_per_ha,Wheat,2022,111
342,Georgia,2639.1,kg_per_ha,Wheat,2023,111
343,Germany,7081.4,kg_per_ha,Barley,2022,115
344,Germany,6822.9,kg_per_ha,Barley,2023,115
345,Germany,5322.5,kg_per_ha,Rye,2022,116
346,Germany,4995.5,kg_per_ha,Rye,2023,116
347,Germany,7577.3,kg_per_ha,Wheat,2022,111
348,Germany,7431.8,kg_per_ha,Wheat,2023,111
349,Ghana,1397.4,kg_per_ha,Millet,2022,118
350,Ghana,1478.7,kg_per_ha,Millet,2023,118
351,Ghana,3563.9,kg_per_ha,Rice,2022,113
352,Ghana,3954.1,kg_per_ha,Rice,2023,113
353,Greece,2768.7,kg_per_ha,Barley,2022,115
354,Greece,2772,kg_per_ha,Barley,2023,115
355,Greece,7461.8,kg_per_ha,Rice,2022,113
356,Greece,6900,kg_per_ha,Rice,2023,113
357,Greece,1778.7,kg_per_ha,Rye,2022,116
358,Greece,1921.3,kg_per_ha,Rye,2023,116
359,Greece,2917.1,kg_per_ha,Wheat,2022,111
360,Greece,2919.3,kg_per_ha,Wheat,2023,111
361,Guatemala,2163.4,kg_per_ha,Barley,2022,115
362,Guatemala,2163.4,kg_per_ha,Barley,2023,115
363,Guatemala,3361.9,kg_per_ha,Rice,2022,113
364,Guatemala,3538.1,kg_per_ha,Rice,2023,113
365,Guinea,1302.9,kg_per_ha,Millet,2022,118
366,Guinea,1100,kg_per_ha,Millet,2023,118
367,Guinea,1493.1,kg_per_ha,Rice,2022,113
368,Guinea,1502.9,kg_per_ha,Rice,2023,113
369,Guinea-Bissau,960.1,kg_per_ha,Millet,2022,118
370,Guinea-Bissau,900,kg_per_ha,Millet,2023,118
371,Guinea-Bissau,1866.7,kg_per_ha,Rice,2022,113
372,Guinea-Bissau,1886.7,kg_per_ha,Rice,2023,113
373,Guyana,6028.5,kg_per_ha,Rice,2022,113
374,Guyana,6111.8,kg_per_ha,Rice,2023,113
375,Haiti,2568.6,kg_per_ha,Rice,2022,113
376,Haiti,2598.6,kg_per_ha,Rice,2023,113
377,Honduras,3224.6,kg_per_ha,Rice,2022,113
378,Honduras,3081.7,kg_per_ha,Rice,2023,113
379,Honduras,530.7,kg_per_ha,Wheat,2022,111
380,Honduras,536.4,kg_per_ha,Wheat,2023,111
381,Hungary,4808.8,kg_per_ha,Barley,2022,115
382,Hungary,5375.7,kg_per_ha,Barley,2023,115
383,Hungary,4356.2,kg_per_ha,Rice,2022,113
384,Hungary,3559.8,kg_per_ha,Rice,2023,113
385,Hungary,2944.7,kg_per_ha,Rye,2022,116
386,Hungary,3201,kg_per_ha,Rye,2023,116
387,Hungary,4448.1,kg_per_ha,Wheat,2022,111
388,Hungary,5642.3,kg_per_ha,Wheat,2023,111
389,Iceland,2966.7,kg_per_ha,Barley,2022,115
390,Iceland,2430.1,kg_per_ha,Barley,2023,115
391,India,3025.1,kg_per_ha,Barley,2022,115
392,India,3044.5,kg_per_ha,Barley,2023,115
393,India,1396,kg_per_ha,Millet,2022,118
394,India,1474,kg_per_ha,Millet,2023,118
395,India,4257.1,kg_per_ha,Rice,2022,113
396,India,4322.3,kg_per_ha,Rice,2023,113
397,India,3537.3,kg_per_ha,Wheat,2022,111
398,India,3520.7,kg_per_ha,Wheat,2023,111
399,Indonesia,5237.8,kg_per_ha,Rice,2022,113
400,Indonesia,5285.2,kg_per_ha,Rice,2023,113
401,Iran (Islamic Republic of),1818.2,kg_per_ha,Barley,2022,115
402,Iran (Islamic Republic of),1818.2,kg_per_ha,Barley,2023,115
403,Iran (Islamic Republic of),1733,kg_per_ha,Millet,2022,118
404,Iran (Islamic Republic of),1733.2,kg_per_ha,Millet,2023,118
405,Iran (Islamic Republic of),4584.6,kg_per_ha,Rice,2022,113
406,Iran (Islamic Republic of),4799.8,kg_per_ha,Rice,2023,113
407,Iran (Islamic Republic of),908.8,kg_per_ha,Rye,2022,116
408,Iran (Islamic Republic of),909,kg_per_ha,Rye,2023,116
409,Iran (Islamic Republic of),2129,kg_per_ha,Wheat,2022,111
410,Iran (Islamic Republic of),2258.1,kg_per_ha,Wheat,2023,111
411,Iraq,1585.3,kg_per_ha,Barley,2022,115
412,Iraq,1663.2,kg_per_ha,Barley,2023,115
413,Iraq,1602.5,kg_per_ha,Millet,2022,118
414,Iraq,2933.3,kg_per_ha,Millet,2023,118
415,Iraq,3031.3,kg_per_ha,Rice,2022,113
416,Iraq,3629.6,kg_per_ha,Rice,2023,113
417,Iraq,4243,kg_per_ha,Rye,2022,116
418,Iraq,4264.4,kg_per_ha,Rye,2023,116
419,Iraq,2771.4,kg_per_ha,Wheat,2022,111
420,Iraq,2546.5,kg_per_ha,Wheat,2023,111
421,Ireland,8146.4,kg_per_ha,Barley,2022,115
422,Ireland,6518.8,kg_per_ha,Barley,2023,115
423,Ireland,10430.5,kg_per_ha,Wheat,2022,111
424,Ireland,8675.3,kg_per_ha,Wheat,2023,111
425,Israel,1400,kg_per_ha,Barley,2022,115
426,Israel,1866.7,kg_per_ha,Barley,2023,115
427,Israel,1208.7,kg_per_ha,Wheat,2022,111
428,Israel,1726.2,kg_per_ha,Wheat,2023,111
429,Italy,4323.1,kg_per_ha,Barley,2022,115
430,Italy,4112.7,kg_per_ha,Barley,2023,115
431,Italy,5663.2,kg_per_ha,Rice,2022,113
432,Italy,6557.5,kg_per_ha,Rice,2023,113
433,Italy,3119.2,kg_per_ha,Rye,2022,116
434,Italy,3052.9,kg_per_ha,Rye,2023,116
435,Italy,3720,kg_per_ha,Wheat,2022,111
436,Italy,3691.7,kg_per_ha,Wheat,2023,111
437,Japan,3685.6,kg_per_ha,Barley,2022,115
438,Japan,3629.7,kg_per_ha,Barley,2023,115
439,Japan,878.7,kg_per_ha,Millet,2022,118
440,Japan,885.4,kg_per_ha,Millet,2023,118
441,Japan,6979,kg_per_ha,Rice,2022,113
442,Japan,6856.5,kg_per_ha,Rice,2023,113
443,Japan,4370.9,kg_per_ha,Wheat,2022,111
444,Japan,4721.6,kg_per_ha,Wheat,2023,111
445,Jordan,1180.1,kg_per_ha,Barley,2022,115
446,Jordan,1333.2,kg_per_ha,Barley,2023,115
447,Jordan,1891.7,kg_per_ha,Wheat,2022,111
448,Jordan,2204.6,kg_per_ha,Wheat,2023,111
449,Kazakhstan,1502.9,kg_per_ha,Barley,2022,115
450,Kazakhstan,1078,kg_per_ha,Barley,2023,115
451,Kazakhstan,957.5,kg_per_ha,Millet,2022,118
452,Kazakhstan,831.6,kg_per_ha,Millet,2023,118
453,Kazakhstan,4905.8,kg_per_ha,Rice,2022,113
454,Kazakhstan,4851.4,kg_per_ha,Rice,2023,113
455,Kazakhstan,1716.5,kg_per_ha,Rye,2022,116
456,Kazakhstan,848.1,kg_per_ha,Rye,2023,116
457,Kazakhstan,1272.7,kg_per_ha,Wheat,2022,111
458,Kazakhstan,922.4,kg_per_ha,Wheat,2023,111
459,Kenya,2672.9,kg_per_ha,Barley,2022,115
460,Kenya,2473.4,kg_per_ha,Barley,2023,115
461,Kenya,548.3,kg_per_ha,Millet,2022,118
462,Kenya,667.8,kg_per_ha,Millet,2023,118
463,Kenya,4345.2,kg_per_ha,Rice,2022,113
464,Kenya,5882.6,kg_per_ha,Rice,2023,113
465,Kenya,3083.9,kg_per_ha,Wheat,2022,111
466,Kenya,2963.3,kg_per_ha,Wheat,2023,111
467,Kuwait,7210.9,kg_per_ha,Barley,2022,115
468,Kuwait,7544.2,kg_per_ha,Barley,2023,115
469,Kuwait,4317.7,kg_per_ha,Wheat,2022,111
470,Kuwait,5201.7,kg_per_ha,Wheat,2023,111
471,Kyrgyzstan,2295.4,kg_per_ha,Barley,2022,115
472,Kyrgyzstan,1584,kg_per_ha,Barley,2023,115
473,Kyrgyzstan,1406.3,kg_per_ha,Millet,2022,118
474,Kyrgyzstan,2071.4,kg_per_ha,Millet,2023,118
475,Kyrgyzstan,3802.7,kg_per_ha,Rice,2022,113
476,Kyrgyzstan,3967.5,kg_per_ha,Rice,2023,113
477,Kyrgyzstan,2490.3,kg_per_ha,Rye,2022,116
478,Kyrgyzstan,2487.4,kg_per_ha,Rye,2023,116
479,Kyrgyzstan,2542.3,kg_per_ha,Wheat,2022,111
480,Kyrgyzstan,1910.7,kg_per_ha,Wheat,2023,111
481,Lao People's Democratic Republic,4393.5,kg_per_ha,Rice,2022,113
482,Lao People's Democratic Republic,4376.9,kg_per_ha,Rice,2023,113
483,Latvia,3666.7,kg_per_ha,Barley,2022,115
484,Latvia,2785.9,kg_per_ha,Barley,2023,115
485,Latvia,3664.8,kg_per_ha,Rye,2022,116
486,Latvia,3202.5,kg_per_ha,Rye,2023,116
487,Latvia,4724.5,kg_per_ha,Wheat,2022,111
488,Latvia,4070.1,kg_per_ha,Wheat,2023,111
489,Lebanon,2142.9,kg_per_ha,Barley,2022,115
490,Lebanon,2142.9,kg_per_ha,Barley,2023,115
491,Lebanon,2500,kg_per_ha,Wheat,2022,111
492,Lebanon,2500,kg_per_ha,Wheat,2023,111
493,Lesotho,355,kg_per_ha,Barley,2022,115
494,Lesotho,355.2,kg_per_ha,Barley,2023,115
495,Lesotho,810.7,kg_per_ha,Wheat,2022,111
496,Lesotho,598.4,kg_per_ha,Wheat,2023,111
497,Liberia,1120.6,kg_per_ha,Rice,2022,113
498,Liberia,1067.5,kg_per_ha,Rice,2023,113
499,Libya,512.7,kg_per_ha,Barley,2022,115
500,Libya,513.4,kg_per_ha,Barley,2023,115
501,Libya,1420.3,kg_per_ha,Millet,2022,118
502,Libya,1448.2,kg_per_ha,Millet,2023,118
503,Libya,765.6,kg_per_ha,Wheat,2022,111
504,Libya,758.5,kg_per_ha,Wheat,2023,111
505,Lithuania,3921.3,kg_per_ha,Barley,2022,115
506,Lithuania,3555.7,kg_per_ha,Barley,2023,115
507,Lithuania,2412.3,kg_per_ha,Rye,2022,116
508,Lithuania,2359.6,kg_per_ha,Rye,2023,116
509,Lithuania,4735,kg_per_ha,Wheat,2022,111
510,Lithuania,4738.3,kg_per_ha,Wheat,2023,111
511,Luxembourg,6160.9,kg_per_ha,Barley,2022,115
512,Luxembourg,5378.5,kg_per_ha,Barley,2023,115
513,Luxembourg,5041,kg_per_ha,Rye,2022,116
514,Luxembourg,5802.6,kg_per_ha,Rye,2023,116
515,Luxembourg,6329.4,kg_per_ha,Wheat,2022,111
516,Luxembourg,5802.7,kg_per_ha,Wheat,2023,111
517,Madagascar,3090.8,kg_per_ha,Rice,2022,113
518,Madagascar,2471.9,kg_per_ha,Rice,2023,113
519,Madagascar,2403.2,kg_per_ha,Wheat,2022,111
520,Madagascar,2405.7,kg_per_ha,Wheat,2023,111
521,Malawi,680,kg_per_ha,Millet,2022,118
522,Malawi,711.9,kg_per_ha,Millet,2023,118
523,Malawi,1939.6,kg_per_ha,Rice,2022,113
524,Malawi,1571.4,kg_per_ha,Rice,2023,113
525,Malawi,1000,kg_per_ha,Wheat,2022,111
526,Malawi,1000,kg_per_ha,Wheat,2023,111
527,Malaysia,3576.6,kg_per_ha,Rice,2022,113
528,Malaysia,3524.1,kg_per_ha,Rice,2023,113
529,Maldives,898.6,kg_per_ha,Millet,2022,118
530,Maldives,889.3,kg_per_ha,Millet,2023,118
531,Mali,876.6,kg_per_ha,Millet,2022,118
532,Mali,901.1,kg_per_ha,Millet,2023,118
533,Mali,3225.6,kg_per_ha,Rice,2022,113
534,Mali,3334,kg_per_ha,Rice,2023,113
535,Mali,4601.7,kg_per_ha,Wheat,2022,111
536,Mali,5634.4,kg_per_ha,Wheat,2023,111
537,Mauritania,3038.5,kg_per_ha,Barley,2022,115
538,Mauritania,3039,kg_per_ha,Barley,2023,115
539,Mauritania,264.4,kg_per_ha,Millet,2022,118
540,Mauritania,300,kg_per_ha,Millet,2023,118
541,Mauritania,5558.6,kg_per_ha,Rice,2022,113
542,Mauritania,5327.9,kg_per_ha,Rice,2023,113
543,Mauritania,2174.5,kg_per_ha,Wheat,2022,111
544,Mauritania,2186,kg_per_ha,Wheat,2023,111
545,Mexico,2960.2,kg_per_ha,Barley,2022,115
546,Mexico,2797.3,kg_per_ha,Barley,2023,115
547,Mexico,13428.6,kg_per_ha,Millet,2022,118
548,Mexico,12758.6,kg_per_ha,Millet,2023,118
549,Mexico,6500.1,kg_per_ha,Rice,2022,113
550,Mexico,6870.5,kg_per_ha,Rice,2023,113
551,Mexico,1880,kg_per_ha,Rye,2022,116
552,Mexico,1790,kg_per_ha,Rye,2023,116
553,Mexico,6060.3,kg_per_ha,Wheat,2022,111
554,Mexico,6203.1,kg_per_ha,Wheat,2023,111
555,Micronesia (Federated States of),1842.8,kg_per_ha,Rice,2022,113
556,Micronesia (Federated States of),1827.6,kg_per_ha,Rice,2023,113
557,Mongolia,987.8,kg_per_ha,Barley,2022,115
558,Mongolia,1308.1,kg_per_ha,Barley,2023,115
559,Mongolia,1122.8,kg_per_ha,Wheat,2022,111
560,Mongolia,1320.4,kg_per_ha,Wheat,2023,111
561,Montenegro,2620.2,kg_per_ha,Barley,2022,115
562,Montenegro,2739.4,kg_per_ha,Barley,2023,115
563,Montenegro,2412.8,kg_per_ha,Rye,2022,116
564,Montenegro,2485.5,kg_per_ha,Rye,2023,116
565,Montenegro,2706.7,kg_per_ha,Wheat,2022,111
566,Montenegro,2947.3,kg_per_ha,Wheat,2023,111
567,Morocco,612.3,kg_per_ha,Barley,2022,115
568,Morocco,1087.4,kg_per_ha,Barley,2023,115
569,Morocco,2038.5,kg_per_ha,Millet,2022,118
570,Morocco,2019,kg_per_ha,Millet,2023,118
571,Morocco,7770.6,kg_per_ha,Rice,2022,113
572,Morocco,8000.9,kg_per_ha,Rice,2023,113
573,Morocco,633.3,kg_per_ha,Rye,2022,116
574,Morocco,635.1,kg_per_ha,Rye,2023,116
575,Morocco,1111.4,kg_per_ha,Wheat,2022,111
576,Morocco,1708.3,kg_per_ha,Wheat,2023,111
577,Mozambique,440,kg_per_ha,Millet,2022,118
578,Mozambique,587.9,kg_per_ha,Millet,2023,118
579,Mozambique,962,kg_per_ha,Rice,2022,113
580,Mozambique,442.7,kg_per_ha,Rice,2023,113
581,Mozambique,1000,kg_per_ha,Wheat,2022,111
582,Mozambique,1000,kg_per_ha,Wheat,2023,111
583,Myanmar,928.8,kg_per_ha,Millet,2022,118
584,Myanmar,913.9,kg_per_ha,Millet,2023,118
585,Myanmar,3946.7,kg_per_ha,Rice,2022,113
586,Myanmar,3968.3,kg_per_ha,Rice,2023,113
587,Myanmar,1845.9,kg_per_ha,Wheat,2022,111
588,Myanmar,1379.3,kg_per_ha,Wheat,2023,111
589,Namibia,169.8,kg_per_ha,Millet,2022,118
590,Namibia,81.9,kg_per_ha,Millet,2023,118
591,Namibia,5412.5,kg_per_ha,Wheat,2022,111
592,Namibia,5805.4,kg_per_ha,Wheat,2023,111
593,Nepal,1390,kg_per_ha,Barley,2022,115
594,Nepal,1477.6,kg_per_ha,Barley,2023,115
595,Nepal,1271.1,kg_per_ha,Millet,2022,118
596,Nepal,1363.8,kg_per_ha,Millet,2023,118
597,Nepal,3786.9,kg_per_ha,Rice,2022,113
598,Nepal,3977.9,kg_per_ha,Rice,2023,113
599,Nepal,2991.1,kg_per_ha,Wheat,2022,111
600,Nepal,3007.4,kg_per_ha,Wheat,2023,111
601,Netherlands (Kingdom of the),7738.5,kg_per_ha,Barley,2022,115
602,Netherlands (Kingdom of the),6522.6,kg_per_ha,Barley,2023,115
603,Netherlands (Kingdom of the),4100,kg_per_ha,Rye,2022,116
604,Netherlands (Kingdom of the),3191.3,kg_per_ha,Rye,2023,116
605,Netherlands (Kingdom of the),9393.1,kg_per_ha,Wheat,2022,111
606,Netherlands (Kingdom of the),8467,kg_per_ha,Wheat,2023,111
607,New Caledonia,550.3,kg_per_ha,Wheat,2022,111
608,New Caledonia,537.7,kg_per_ha,Wheat,2023,111
609,New Zealand,6844.9,kg_per_ha,Barley,2022,115
610,New Zealand,7149.9,kg_per_ha,Barley,2023,115
611,New Zealand,9390,kg_per_ha,Wheat,2022,111
612,New Zealand,9668.1,kg_per_ha,Wheat,2023,111
613,Nicaragua,6373.6,kg_per_ha,Rice,2022,113
614,Nicaragua,6023.3,kg_per_ha,Rice,2023,113
615,Niger,539.3,kg_per_ha,Millet,2022,118
616,Niger,492.1,kg_per_ha,Millet,2023,118
617,Niger,4583.2,kg_per_ha,Rice,2022,113
618,Niger,4753.3,kg_per_ha,Rice,2023,113
619,Niger,2826,kg_per_ha,Wheat,2022,111
620,Niger,2861.4,kg_per_ha,Wheat,2023,111
621,Nigeria,970.6,kg_per_ha,Millet,2022,118
622,Nigeria,779.5,kg_per_ha,Millet,2023,118
623,Nigeria,1856.3,kg_per_ha,Rice,2022,113
624,Nigeria,1974,kg_per_ha,Rice,2023,113
625,Nigeria,2189.1,kg_per_ha,Wheat,2022,111
626,Nigeria,1586.8,kg_per_ha,Wheat,2023,111
627,North Macedonia,3030.9,kg_per_ha,Barley,2022,115
628,North Macedonia,3181.6,kg_per_ha,Barley,2023,115
629,North Macedonia,1336.4,kg_per_ha,Millet,2022,118
630,North Macedonia,1334,kg_per_ha,Millet,2023,118
631,North Macedonia,6095.4,kg_per_ha,Rice,2022,113
632,North Macedonia,6324.2,kg_per_ha,Rice,2023,113
633,North Macedonia,2260.9,kg_per_ha,Rye,2022,116
634,North Macedonia,1548.1,kg_per_ha,Rye,2023,116
635,North Macedonia,3204.1,kg_per_ha,Wheat,2022,111
636,North Macedonia,3094.9,kg_per_ha,Wheat,2023,111
637,Norway,4501,kg_per_ha,Barley,2022,115
638,Norway,2853.7,kg_per_ha,Barley,2023,115
639,Norway,5554,kg_per_ha,Rye,2022,116
640,Norway,3304.1,kg_per_ha,Rye,2023,116
641,Norway,5103.4,kg_per_ha,Wheat,2022,111
642,Norway,2668.4,kg_per_ha,Wheat,2023,111
643,Oman,14227.1,kg_per_ha,Barley,2022,115
644,Oman,3078.6,kg_per_ha,Barley,2023,115
645,Oman,2008.5,kg_per_ha,Wheat,2022,111
646,Oman,2628,kg_per_ha,Wheat,2023,111
647,Pakistan,994.7,kg_per_ha,Barley,2022,115
648,Pakistan,1072,kg_per_ha,Barley,2023,115
649,Pakistan,1065.4,kg_per_ha,Millet,2022,118
650,Pakistan,1238.1,kg_per_ha,Millet,2023,118
651,Pakistan,3690.3,kg_per_ha,Rice,2022,113
652,Pakistan,4070.3,kg_per_ha,Rice,2023,113
653,Pakistan,2919.6,kg_per_ha,Wheat,2022,111
654,Pakistan,3117.6,kg_per_ha,Wheat,2023,111
655,Palestine,2406.6,kg_per_ha,Barley,2022,115
656,Palestine,2359.3,kg_per_ha,Barley,2023,115
657,Palestine,2580.2,kg_per_ha,Wheat,2022,111
658,Palestine,2525.1,kg_per_ha,Wheat,2023,111
659,Panama,4365.5,kg_per_ha,Rice,2022,113
660,Panama,4302.4,kg_per_ha,Rice,2023,113
661,Papua New Guinea,2143.2,kg_per_ha,Rice,2022,113
662,Papua New Guinea,2153.2,kg_per_ha,Rice,2023,113
663,Paraguay,4739.2,kg_per_ha,Rice,2022,113
664,Paraguay,5752.2,kg_per_ha,Rice,2023,113
665,Paraguay,2246.1,kg_per_ha,Wheat,2022,111
666,Paraguay,2877,kg_per_ha,Wheat,2023,111
667,Peru,1780.6,kg_per_ha,Barley,2022,115
668,Peru,1935.7,kg_per_ha,Barley,2023,115
669,Peru,8324.7,kg_per_ha,Rice,2022,113
670,Peru,8073.8,kg_per_ha,Rice,2023,113
671,Peru,1107.7,kg_per_ha,Rye,2022,116
672,Peru,1104.7,kg_per_ha,Rye,2023,116
673,Peru,1767.1,kg_per_ha,Wheat,2022,111
674,Peru,1744.7,kg_per_ha,Wheat,2023,111
675,Philippines,4112,kg_per_ha,Rice,2022,113
676,Philippines,4165.4,kg_per_ha,Rice,2023,113
677,Poland,4352.1,kg_per_ha,Barley,2022,115
678,Poland,4402.8,kg_per_ha,Barley,2023,115
679,Poland,3528.3,kg_per_ha,Rye,2022,116
680,Poland,3479.7,kg_per_ha,Rye,2023,116
681,Poland,5239.4,kg_per_ha,Wheat,2022,111
682,Poland,5280,kg_per_ha,Wheat,2023,111
683,Portugal,2328.6,kg_per_ha,Barley,2022,115
684,Portugal,1910.7,kg_per_ha,Barley,2023,115
685,Portugal,5706.9,kg_per_ha,Rice,2022,113
686,Portugal,6400.5,kg_per_ha,Rice,2023,113
687,Portugal,983.3,kg_per_ha,Rye,2022,116
688,Portugal,881.9,kg_per_ha,Rye,2023,116
689,Portugal,1994.2,kg_per_ha,Wheat,2022,111
690,Portugal,1401.4,kg_per_ha,Wheat,2023,111
691,Puerto Rico,3534.4,kg_per_ha,Rice,2022,113
692,Puerto Rico,3651.4,kg_per_ha,Rice,2023,113
693,Qatar,3037,kg_per_ha,Barley,2022,115
694,Qatar,8008.3,kg_per_ha,Barley,2023,115
695,Qatar,1800,kg_per_ha,Wheat,2022,111
696,Qatar,3000,kg_per_ha,Wheat,2023,111
697,Republic of Korea,2875.9,kg_per_ha,Barley,2022,115
698,Republic of Korea,2617.6,kg_per_ha,Barley,2023,115
699,Republic of Korea,1000,kg_per_ha,Millet,2022,118
700,Republic of Korea,1000,kg_per_ha,Millet,2023,118
701,Republic of Korea,6874.6,kg_per_ha,Rice,2022,113
702,Republic of Korea,6917.7,kg_per_ha,Rice,2023,113
703,Republic of Korea,2156.1,kg_per_ha,Rye,2022,116
704,Republic of Korea,2197.4,kg_per_ha,Rye,2023,116
705,Republic of Korea,4184.8,kg_per_ha,Wheat,2022,111
706,Republic of Korea,4466.3,kg_per_ha,Wheat,2023,111
707,Republic of Moldova,2438.2,kg_per_ha,Barley,2022,115
708,Republic of Moldova,4043.7,kg_per_ha,Barley,2023,115
709,Republic of Moldova,674.8,kg_per_ha,Millet,2022,118
710,Republic of Moldova,1506.6,kg_per_ha,Millet,2023,118
711,Republic of Moldova,1912.6,kg_per_ha,Rye,2022,116
712,Republic of Moldova,2480.9,kg_per_ha,Rye,2023,116
713,Republic of Moldova,2580.2,kg_per_ha,Wheat,2022,111
714,Republic of Moldova,4133,kg_per_ha,Wheat,2023,111
715,Romania,4006.7,kg_per_ha,Barley,2022,115
716,Romania,4013.1,kg_per_ha,Barley,2023,115
717,Romania,5152.4,kg_per_ha,Rice,2022,113
718,Romania,4967.1,kg_per_ha,Rice,2023,113
719,Romania,2748.4,kg_per_ha,Rye,2022,116
720,Romania,2773.2,kg_per_ha,Rye,2023,116
721,Romania,4004.4,kg_per_ha,Wheat,2022,111
722,Romania,4152.4,kg_per_ha,Wheat,2023,111
723,Russian Federation,2946.4,kg_per_ha,Barley,2022,115
724,Russian Federation,2679.7,kg_per_ha,Barley,2023,115
725,Russian Federation,1549.6,kg_per_ha,Millet,2022,118
726,Russian Federation,1629.6,kg_per_ha,Millet,2023,118
727,Russian Federation,5423.1,kg_per_ha,Rice,2022,113
728,Russian Federation,5748.1,kg_per_ha,Rice,2023,113
729,Russian Federation,2468,kg_per_ha,Rye,2022,116
730,Russian Federation,2151.9,kg_per_ha,Rye,2023,116
731,Russian Federation,3550.8,kg_per_ha,Wheat,2022,111
732,Russian Federation,3173.8,kg_per_ha,Wheat,2023,111
733,Rwanda,568.4,kg_per_ha,Millet,2022,118
734,Rwanda,724.5,kg_per_ha,Millet,2023,118
735,Rwanda,4187.9,kg_per_ha,Rice,2022,113
736,Rwanda,4089.8,kg_per_ha,Rice,2023,113
737,Rwanda,1158.7,kg_per_ha,Wheat,2022,111
738,Rwanda,1255.5,kg_per_ha,Wheat,2023,111
739,Saudi Arabia,5498.7,kg_per_ha,Barley,2022,115
740,Saudi Arabia,6666.7,kg_per_ha,Barley,2023,115
741,Saudi Arabia,1835.9,kg_per_ha,Millet,2022,118
742,Saudi Arabia,1899.8,kg_per_ha,Millet,2023,118
743,Saudi Arabia,2397.1,kg_per_ha,Rice,2022,113
744,Saudi Arabia,2428.6,kg_per_ha,Rice,2023,113
745,Saudi Arabia,6800,kg_per_ha,Wheat,2022,111
746,Saudi Arabia,6699.1,kg_per_ha,Wheat,2023,111
747,Senegal,1131.3,kg_per_ha,Millet,2022,118
748,Senegal,1353,kg_per_ha,Millet,2023,118
749,Senegal,3783.8,kg_per_ha,Rice,2022,113
750,Senegal,3814.8,kg_per_ha,Rice,2023,113
751,Serbia,4818,kg_per_ha,Barley,2022,115
752,Serbia,4945.1,kg_per_ha,Barley,2023,115
753,Serbia,953.4,kg_per_ha,Millet,2022,118
754,Serbia,955.7,kg_per_ha,Millet,2023,118
755,Serbia,3195,kg_per_ha,Rye,2022,116
756,Serbia,3364.6,kg_per_ha,Rye,2023,116
757,Serbia,4927.7,kg_per_ha,Wheat,2022,111
758,Serbia,5054.9,kg_per_ha,Wheat,2023,111
759,Sierra Leone,1105.3,kg_per_ha,Millet,2022,118
760,Sierra Leone,1111.6,kg_per_ha,Millet,2023,118
761,Sierra Leone,2130.2,kg_per_ha,Rice,2022,113
762,Sierra Leone,1524,kg_per_ha,Rice,2023,113
763,Slovakia,5099.2,kg_per_ha,Barley,2022,115
764,Slovakia,5280.8,kg_per_ha,Barley,2023,115
765,Slovakia,3552.5,kg_per_ha,Rye,2022,116
766,Slovakia,3377.8,kg_per_ha,Rye,2023,116
767,Slovakia,4975,kg_per_ha,Wheat,2022,111
768,Slovakia,6123,kg_per_ha,Wheat,2023,111
769,Slovenia,4987.1,kg_per_ha,Barley,2022,115
770,Slovenia,4603.6,kg_per_ha,Barley,2023,115
771,Slovenia,4012.5,kg_per_ha,Rye,2022,116
772,Slovenia,3598,kg_per_ha,Rye,2023,116
773,Slovenia,5469.9,kg_per_ha,Wheat,2022,111
774,Slovenia,5065.1,kg_per_ha,Wheat,2023,111
775,Solomon Islands,1899.1,kg_per_ha,Rice,2022,113
776,Solomon Islands,1900.5,kg_per_ha,Rice,2023,113
777,Somalia,2000,kg_per_ha,Rice,2022,113
778,Somalia,2000,kg_per_ha,Rice,2023,113
779,Somalia,400.4,kg_per_ha,Wheat,2022,111
780,Somalia,401.3,kg_per_ha,Wheat,2023,111
781,South Africa,2990.1,kg_per_ha,Barley,2022,115
782,South Africa,3503.7,kg_per_ha,Barley,2023,115
783,South Africa,489.2,kg_per_ha,Millet,2022,118
784,South Africa,489.4,kg_per_ha,Millet,2023,118
785,South Africa,2872.2,kg_per_ha,Rice,2022,113
786,South Africa,2895.2,kg_per_ha,Rice,2023,113
787,South Africa,1097.1,kg_per_ha,Rye,2022,116
788,South Africa,1097.7,kg_per_ha,Rye,2023,116
789,South Africa,3722.7,kg_per_ha,Wheat,2022,111
790,South Africa,3810.8,kg_per_ha,Wheat,2023,111
791,South Sudan,850.5,kg_per_ha,Millet,2022,118
792,South Sudan,900,kg_per_ha,Millet,2023,118
793,South Sudan,1188.7,kg_per_ha,Rice,2022,113
794,South Sudan,1090.2,kg_per_ha,Rice,2023,113
795,Spain,2931.5,kg_per_ha,Barley,2022,115
796,Spain,1604.2,kg_per_ha,Barley,2023,115
797,Spain,6253,kg_per_ha,Rice,2022,113
798,Spain,6061.3,kg_per_ha,Rice,2023,113
799,Spain,1896,kg_per_ha,Rye,2022,116
800,Spain,1451.9,kg_per_ha,Rye,2023,116
801,Spain,2995.7,kg_per_ha,Wheat,2022,111
802,Spain,2068.3,kg_per_ha,Wheat,2023,111
803,Sri Lanka,1210.5,kg_per_ha,Millet,2022,118
804,Sri Lanka,1171.2,kg_per_ha,Millet,2023,118
805,Sri Lanka,3045,kg_per_ha,Rice,2022,113
806,Sri Lanka,3881.5,kg_per_ha,Rice,2023,113
807,Sudan,504.6,kg_per_ha,Millet,2022,118
808,Sudan,230.1,kg_per_ha,Millet,2023,118
809,Sudan,4394.1,kg_per_ha,Rice,2022,113
810,Sudan,4391.6,kg_per_ha,Rice,2023,113
811,Sudan,1700,kg_per_ha,Wheat,2022,111
812,Sudan,1350,kg_per_ha,Wheat,2023,111
813,Suriname,3763,kg_per_ha,Rice,2022,113
814,Suriname,4078.8,kg_per_ha,Rice,2023,113
815,Sweden,5493.1,kg_per_ha,Barley,2022,115
816,Sweden,3294.2,kg_per_ha,Barley,2023,115
817,Sweden,6223.5,kg_per_ha,Rye,2022,116
818,Sweden,5213.2,kg_per_ha,Rye,2023,116
819,Sweden,6995,kg_per_ha,Wheat,2022,111
820,Sweden,5454.3,kg_per_ha,Wheat,2023,111
821,Switzerland,6582.7,kg_per_ha,Barley,2022,115
822,Switzerland,6137.2,kg_per_ha,Barley,2023,115
823,Switzerland,3070.9,kg_per_ha,Millet,2022,118
824,Switzerland,2946.2,kg_per_ha,Millet,2023,118
825,Switzerland,5655.3,kg_per_ha,Rye,2022,116
826,Switzerland,4902.5,kg_per_ha,Rye,2023,116
827,Switzerland,5465.7,kg_per_ha,Wheat,2022,111
828,Switzerland,5139.7,kg_per_ha,Wheat,2023,111
829,Syrian Arab Republic,160.2,kg_per_ha,Barley,2022,115
830,Syrian Arab Republic,968.3,kg_per_ha,Barley,2023,115
831,Syrian Arab Republic,1666.7,kg_per_ha,Millet,2022,118
832,Syrian Arab Republic,1246.2,kg_per_ha,Millet,2023,118
833,Syrian Arab Republic,1310.2,kg_per_ha,Wheat,2022,111
834,Syrian Arab Republic,2306.2,kg_per_ha,Wheat,2023,111
835,Tajikistan,2093.3,kg_per_ha,Barley,2022,115
836,Tajikistan,2349.9,kg_per_ha,Barley,2023,115
837,Tajikistan,3088,kg_per_ha,Millet,2022,118
838,Tajikistan,3263.8,kg_per_ha,Millet,2023,118
839,Tajikistan,10112.4,kg_per_ha,Rice,2022,113
840,Tajikistan,9874.2,kg_per_ha,Rice,2023,113
841,Tajikistan,3049,kg_per_ha,Rye,2022,116
842,Tajikistan,3105.5,kg_per_ha,Rye,2023,116
843,Tajikistan,3037,kg_per_ha,Wheat,2022,111
844,Tajikistan,3130.9,kg_per_ha,Wheat,2023,111
845,Thailand,2419.9,kg_per_ha,Barley,2022,115
846,Thailand,2441.7,kg_per_ha,Barley,2023,115
847,Thailand,2999.5,kg_per_ha,Rice,2022,113
848,Thailand,2955.6,kg_per_ha,Rice,2023,113
849,Thailand,1039.2,kg_per_ha,Wheat,2022,111
850,Thailand,1037.2,kg_per_ha,Wheat,2023,111
851,Timor-Leste,2160.4,kg_per_ha,Rice,2022,113
852,Timor-Leste,2160.4,kg_per_ha,Rice,2023,113
853,Togo,594.7,kg_per_ha,Millet,2022,118
854,Togo,653.7,kg_per_ha,Millet,2023,118
855,Togo,1696.8,kg_per_ha,Rice,2022,113
856,Togo,1608.6,kg_per_ha,Rice,2023,113
857,Trinidad and Tobago,989.2,kg_per_ha,Rice,2022,113
858,Trinidad and Tobago,993.7,kg_per_ha,Rice,2023,113
859,Tunisia,1211.6,kg_per_ha,Barley,2022,115
860,Tunisia,824.1,kg_per_ha,Barley,2023,115
861,Tunisia,1960.3,kg_per_ha,Wheat,2022,111
862,Tunisia,1215.8,kg_per_ha,Wheat,2023,111
863,Türkiye,2665.8,kg_per_ha,Barley,2022,115
864,Türkiye,2806.4,kg_per_ha,Barley,2023,115
865,Türkiye,3391.4,kg_per_ha,Millet,2022,118
866,Türkiye,3569.2,kg_per_ha,Millet,2023,118
867,Türkiye,7883.1,kg_per_ha,Rice,2022,113
868,Türkiye,8027.1,kg_per_ha,Rice,2023,113
869,Türkiye,2790.3,kg_per_ha,Rye,2022,116
870,Türkiye,3082.2,kg_per_ha,Rye,2023,116
871,Türkiye,2991.6,kg_per_ha,Wheat,2022,111
872,Türkiye,3219.9,kg_per_ha,Wheat,2023,111
873,Turkmenistan,2336,kg_per_ha,Barley,2022,115
874,Turkmenistan,1988.2,kg_per_ha,Barley,2023,115
875,Turkmenistan,4452.5,kg_per_ha,Rice,2022,113
876,Turkmenistan,4425.9,kg_per_ha,Rice,2023,113
877,Turkmenistan,1762.2,kg_per_ha,Wheat,2022,111
878,Turkmenistan,1720.2,kg_per_ha,Wheat,2023,111
879,Uganda,1354.5,kg_per_ha,Millet,2022,118
880,Uganda,1272.7,kg_per_ha,Millet,2023,118
881,Uganda,1502.2,kg_per_ha,Rice,2022,113
882,Uganda,1300,kg_per_ha,Rice,2023,113
883,Uganda,1666.7,kg_per_ha,Wheat,2022,111
884,Uganda,1666.7,kg_per_ha,Wheat,2023,111
885,Ukraine,3222.7,kg_per_ha,Barley,2022,115
886,Ukraine,3685.5,kg_per_ha,Barley,2023,115
887,Ukraine,1844.8,kg_per_ha,Millet,2022,118
888,Ukraine,2315.4,kg_per_ha,Millet,2023,118
889,Ukraine,4414.3,kg_per_ha,Rice,2022,113
890,Ukraine,5036.4,kg_per_ha,Rice,2023,113
891,Ukraine,3093.9,kg_per_ha,Rye,2022,116
892,Ukraine,2821.2,kg_per_ha,Rye,2023,116
893,Ukraine,3924.9,kg_per_ha,Wheat,2022,111
894,Ukraine,4642.2,kg_per_ha,Wheat,2023,111
895,United Kingdom of Great Britain and Northern Ireland,6689.3,kg_per_ha,Barley,2022,115
896,United Kingdom of Great Britain and Northern Ireland,6124,kg_per_ha,Barley,2023,115
897,United Kingdom of Great Britain and Northern Ireland,4928.5,kg_per_ha,Rye,2022,116
898,United Kingdom of Great Britain and Northern Ireland,4203.2,kg_per_ha,Rye,2023,116
899,United Kingdom of Great Britain and Northern Ireland,8590.4,kg_per_ha,Wheat,2022,111
900,United Kingdom of Great Britain and Northern Ireland,8127.9,kg_per_ha,Wheat,2023,111
901,United Republic of Tanzania,1899.9,kg_per_ha,Barley,2022,115
902,United Republic of Tanzania,1909.1,kg_per_ha,Barley,2023,115
903,United Republic of Tanzania,1116.7,kg_per_ha,Millet,2022,118
904,United Republic of Tanzania,940,kg_per_ha,Millet,2023,118
905,United Republic of Tanzania,2912.3,kg_per_ha,Rice,2022,113
906,United Republic of Tanzania,2990,kg_per_ha,Rice,2023,113
907,United Republic of Tanzania,1100,kg_per_ha,Wheat,2022,111
908,United Republic of Tanzania,1442,kg_per_ha,Wheat,2023,111
909,United States of America,3858.5,kg_per_ha,Barley,2022,115
910,United States of America,3896.3,kg_per_ha,Barley,2023,115
911,United States of America,1041.1,kg_per_ha,Millet,2022,118
912,United States of America,1917.6,kg_per_ha,Millet,2023,118
913,United States of America,8277.8,kg_per_ha,Rice,2022,113
914,United States of America,8572.8,kg_per_ha,Rice,2023,113
915,United States of America,2265.6,kg_per_ha,Rye,2022,116
916,United States of America,2022.4,kg_per_ha,Rye,2023,116
917,United States of America,3126.5,kg_per_ha,Wheat,2022,111
918,United States of America,3269.4,kg_per_ha,Wheat,2023,111
919,Uruguay,4102.1,kg_per_ha,Barley,2022,115
920,Uruguay,4252.1,kg_per_ha,Barley,2023,115
921,Uruguay,9190.7,kg_per_ha,Rice,2022,113
922,Uruguay,9338.1,kg_per_ha,Rice,2023,113
923,Uruguay,4250.1,kg_per_ha,Wheat,2022,111
924,Uruguay,5036.7,kg_per_ha,Wheat,2023,111
925,Uzbekistan,1243.9,kg_per_ha,Barley,2022,115
926,Uzbekistan,1592.4,kg_per_ha,Barley,2023,115
927,Uzbekistan,2883.1,kg_per_ha,Millet,2022,118
928,Uzbekistan,2914.4,kg_per_ha,Millet,2023,118
929,Uzbekistan,7753.3,kg_per_ha,Rice,2022,113
930,Uzbekistan,8418.3,kg_per_ha,Rice,2023,113
931,Uzbekistan,9942,kg_per_ha,Rye,2022,116
932,Uzbekistan,10133,kg_per_ha,Rye,2023,116
933,Uzbekistan,4987.8,kg_per_ha,Wheat,2022,111
934,Uzbekistan,5266.2,kg_per_ha,Wheat,2023,111
935,Venezuela (Bolivarian Republic of),3098.1,kg_per_ha,Rice,2022,113
936,Venezuela (Bolivarian Republic of),3751.8,kg_per_ha,Rice,2023,113
937,Venezuela (Bolivarian Republic of),2785.3,kg_per_ha,Wheat,2022,111
938,Venezuela (Bolivarian Republic of),2759.2,kg_per_ha,Wheat,2023,111
939,Viet Nam,1460.5,kg_per_ha,Millet,2022,118
940,Viet Nam,2535,kg_per_ha,Millet,2023,118
941,Viet Nam,6018,kg_per_ha,Rice,2022,113
942,Viet Nam,6113.5,kg_per_ha,Rice,2023,113
943,Yemen,1071.4,kg_per_ha,Barley,2022,115
944,Yemen,1071.4,kg_per_ha,Barley,2023,115
945,Yemen,473.7,kg_per_ha,Millet,2022,118
946,Yemen,473.7,kg_per_ha,Millet,2023,118
947,Yemen,1666.7,kg_per_ha,Wheat,2022,111
948,Yemen,1666.7,kg_per_ha,Wheat,2023,111
949,Zambia,8108,kg_per_ha,Barley,2022,115
950,Zambia,7850.3,kg_per_ha,Barley,2023,115
951,Zambia,733.3,kg_per_ha,Millet,2022,118
952,Zambia,1098.4,kg_per_ha,Millet,2023,118
953,Zambia,1573.5,kg_per_ha,Rice,2022,113
954,Zambia,1268.5,kg_per_ha,Rice,2023,113
955,Zambia,6998.6,kg_per_ha,Wheat,2022,111
956,Zambia,7592,kg_per_ha,Wheat,2023,111
957,Zimbabwe,5473.3,kg_per_ha,Barley,2022,115
958,Zimbabwe,5478.5,kg_per_ha,Barley,2023,115
959,Zimbabwe,298,kg_per_ha,Millet,2022,118
960,Zimbabwe,416,kg_per_ha,Millet,2023,118
961,Zimbabwe,493.1,kg_per_ha,Rice,2022,113
962,Zimbabwe,328.7,kg_per_ha,Rice,2023,113
963,Zimbabwe,5154.2,kg_per_ha,Wheat,2022,111
964,Zimbabwe,4553.8,kg_per_ha,Wheat,2023,111
